-- Insert test data into categories
INSERT INTO categories (id, name) VALUES
('clothing', 'Clothing'),
('accessories', 'Accessories'),
('handmade-decorations', 'Handmade Decorations'),
('piercings', 'Piercings'),
('smoke-accessories', 'Smoke Accessories');

-- Insert test data into products (using COP and more variety)
INSERT INTO products (name, description, price, image_urls, category, has_size, has_color, sizes, colors, inventory) VALUES
('Rasta Hat', 'Warm and stylish Rasta hat', 99000.00, '{"https://placehold.co/400"}', 'clothing', false, true, NULL, '{"red", "green", "gold"}', 20),
('Bob Marley T-Shirt', 'Classic Bob Marley T-shirt', 119000.00, '{"https://placehold.co/400"}', 'clothing', true, true, '{"S", "M", "L", "XL"}', '{"black", "white", "rasta"}', 15),
('Peace Sign Necklace', 'Elegant peace sign necklace', 59000.00, '{"https://placehold.co/400"}', 'accessories', false, true, NULL, '{"silver", "gold"}', 30),
('Rasta Bracelet Set', 'Colorful Rasta bracelet set', 79000.00, '{"https://placehold.co/400"}', 'accessories', false, true, NULL, '{"rasta", "multicolor"}', 25),
('King Size Rolling Paper', 'King size rolling paper', 19000.00, '{"https://placehold.co/400"}', 'smoke-accessories', false, false, NULL, NULL, 50),
('Herb Grinder', 'High-quality herb grinder', 139000.00, '{"https://placehold.co/400"}', 'smoke-accessories', false, false, NULL, NULL, 10),
('Rasta Tapestry', 'Vibrant Rasta wall decoration', 159000.00, '{"https://placehold.co/400"}', 'handmade-decorations', false, true, NULL, '{"red", "green", "gold"}', 12),
('Handmade Coasters', 'Set of handmade Rasta coasters', 89000.00, '{"https://placehold.co/400"}', 'handmade-decorations', false, true, NULL, '{"natural wood", "rasta painted"}', 18),
('Gold Nose Ring', 'Gold nose piercing', 69000.00, '{"https://placehold.co/400"}', 'piercings', false, false, NULL, NULL, 40),
('Silver Hoop Earrings', 'Silver hoop ear piercings', 109000.00, '{"https://placehold.co/400"}', 'piercings', false, false, NULL, NULL, 35);

-- Insert test data into orders (various statuses)
-- Note:  Product IDs are placeholders.  In a real scenario, these would be UUIDs generated by Supabase.
INSERT INTO orders (items, buyer_name, buyer_address, payment_status, transaction_id, order_status, shipment_tracking_code, shipment_tracking_link) VALUES
('[{"productId": "product-1", "quantity": 2}]', 'John Doe', '123 Main St, Anytown, USA', 'paid', 'txn_123', 'processing', NULL, NULL),
('[{"productId": "product-2", "quantity": 1}, {"productId": "product-3", "quantity": 3}]', 'Jane Smith', '456 Oak Ave, Anytown, USA', 'paid', 'txn_456', 'shipped', 'TRACK123', 'https://tracking.example.com/TRACK123'),
('[{"productId": "product-5", "quantity": 5}]', 'Peter Jones', '789 Pine Ln, Anytown, USA', 'pending', NULL, 'pending', NULL, NULL),
('[{"productId": "product-1", "quantity": 1}, {"productId": "product-6", "quantity": 1}]', 'Mary Green', '101 River Rd, Anytown, USA', 'paid', 'txn_789', 'delivered', 'TRACK456', 'https://tracking.example.com/TRACK456');

-- Insert test data into refunds (various statuses)
INSERT INTO refunds (customer, amount, status) VALUES
('John Doe', 198000.00, 'Pending'),
('Jane Smith', 59000.00, 'Approved'),
('Mary Green', 278000.00, 'Rejected');

-- Note on Admin User:
-- Supabase handles user authentication and roles (like 'admin') outside of the
-- standard database schema.  You would typically manage users and roles through
-- the Supabase Auth dashboard or API, not directly in SQL.  You can create a
-- user with the desired email and password, and then use application logic
-- (e.g., checking the user's email or a custom claim) to determine if they
-- should have admin privileges within your application.
